{"name":"Autodesk Design Description","version":"0.1","designDescription":{"id":"0","name":"XRef File Design","currentVersion":"5","designGraphs":[{"creationDate":"2023-11-24T19:58:59+0000","creatingService":"wipdm","rootIds":[1409260],"designObjectRefs":[],"designObjects":[{"id":1409266,"version":1,"about":"urn:adsk.wipprod:fs.file:vf.nHq1hfiQQHakKfydY_gQog?version=1","lineage":"urn:adsk.wipprod:dm.lineage:nHq1hfiQQHakKfydY_gQog","from":"urn:adsk.objects:os.object:wip.dm.prod/70fa66d3-71f8-40c4-a263-3995f7c93e71.f3d","relativePath":"811ea901-42b2-4517-9ca8-08e86c4b75ed.f3d","downloadAs":"811ea901-42b2-4517-9ca8-08e86c4b75ed.f3d","friendlyName":"motorreductor v8","displayName":"motorreductor v8","zipped":false,"rootFile":"","contentType":"f3d","shareInfo":null,"references":[],"metadata":{"rootFileName":"motorreductor v8.f3d","EIPDerivedContextToAssemblyLinks":"{}","thumbnailStatus":"REGISTERED","EIPContext":"{}","translateChannel":"convert-fusion-r05","description":"Importado desde bbot_base_2023_v27(1).f3z","isAutoSave":"false","viewableChannel":"viewing-f3d-lmv","showNotification":"false","LibraryMemberItemInfo":""},"createdAt":"2023-11-20T03:09:18+0000"},{"id":1409264,"version":1,"about":"urn:adsk.wipprod:fs.file:vf.VRTVp4lPSN2OT_GhmPUOPQ?version=1","lineage":"urn:adsk.wipprod:dm.lineage:VRTVp4lPSN2OT_GhmPUOPQ","from":"urn:adsk.objects:os.object:wip.dm.prod/bd4e322e-cea9-4aab-ad6b-ae22452385f9.f3d","relativePath":"36affc77-5e72-437e-aa0d-62a70e9c4ef8.f3d","downloadAs":"36affc77-5e72-437e-aa0d-62a70e9c4ef8.f3d","friendlyName":"soporte_motor","displayName":"soporte_motor","zipped":false,"rootFile":"","contentType":"f3d","shareInfo":null,"references":[],"metadata":{"rootFileName":"soporte_motor.f3d","EIPDerivedContextToAssemblyLinks":"{}","thumbnailStatus":"REGISTERED","EIPContext":"{}","translateChannel":"convert-fusion-r05","description":"Importado desde bbot_base_2023_v27(1).f3z","isAutoSave":"false","viewableChannel":"viewing-f3d-lmv","showNotification":"false","LibraryMemberItemInfo":""},"createdAt":"2023-11-20T03:09:43+0000"},{"id":1409270,"version":1,"about":"urn:adsk.wipprod:fs.file:vf.4tldpp2hQYSK0uJ6JVYV_w?version=1","lineage":"urn:adsk.wipprod:dm.lineage:4tldpp2hQYSK0uJ6JVYV_w","from":"urn:adsk.objects:os.object:wip.dm.prod/7c698068-8f17-4a3b-a78f-d48551f6c28e.f3d","relativePath":"6c2abffb-58ba-4851-8c45-d569cd5d4aea.f3d","downloadAs":"6c2abffb-58ba-4851-8c45-d569cd5d4aea.f3d","friendlyName":"castor_wheel","displayName":"castor_wheel","zipped":false,"rootFile":"","contentType":"f3d","shareInfo":null,"references":[],"metadata":{"rootFileName":"castor_wheel.f3d","EIPDerivedContextToAssemblyLinks":"{}","thumbnailStatus":"REGISTERED","EIPContext":"{}","translateChannel":"convert-fusion-r05","description":"Importado desde bbot_base_2023_v27(1).f3z","isAutoSave":"false","viewableChannel":"viewing-f3d-lmv","showNotification":"false","LibraryMemberItemInfo":""},"createdAt":"2023-11-20T03:09:51+0000"},{"id":1409268,"version":1,"about":"urn:adsk.wipprod:fs.file:vf.b9DPBBvNQMSdvwFDWkShFQ?version=1","lineage":"urn:adsk.wipprod:dm.lineage:b9DPBBvNQMSdvwFDWkShFQ","from":"urn:adsk.objects:os.object:wip.dm.prod/8eb82517-8736-40f6-ae73-ebf47f3392d6.f3d","relativePath":"563980da-6de3-46e3-b358-60788e8e0703.f3d","downloadAs":"563980da-6de3-46e3-b358-60788e8e0703.f3d","friendlyName":"Spacer Bolts_m3_bn_L15","displayName":"Spacer Bolts_m3_bn_L15","zipped":false,"rootFile":"","contentType":"f3d","shareInfo":null,"references":[],"metadata":{"rootFileName":"Spacer Bolts_m3_bn_L15.f3d","EIPDerivedContextToAssemblyLinks":"{}","thumbnailStatus":"REGISTERED","translateChannel":"convert-fusion-r05","description":"Importado desde bbot_base_2023_v27(1).f3z","isAutoSave":"false","viewableChannel":"viewing-f3d-lmv","showNotification":"false","LibraryMemberItemInfo":""},"createdAt":"2023-11-20T03:09:39+0000"},{"id":1409263,"version":1,"about":"urn:adsk.wipprod:fs.file:vf.ZcnKZ0MHRSaFKrep0OMFmg?version=1","lineage":"urn:adsk.wipprod:dm.lineage:ZcnKZ0MHRSaFKrep0OMFmg","from":"urn:adsk.objects:os.object:wip.dm.prod/2d6397fb-8696-4a8b-8e97-eb90e60b3258.f3d","relativePath":"43906519-6529-4cb8-8f66-f3b8d5fe4b6e.f3d","downloadAs":"43906519-6529-4cb8-8f66-f3b8d5fe4b6e.f3d","friendlyName":"wheel","displayName":"wheel","zipped":false,"rootFile":"","contentType":"f3d","shareInfo":null,"references":[],"metadata":{"rootFileName":"wheel.f3d","EIPDerivedContextToAssemblyLinks":"{}","thumbnailStatus":"REGISTERED","EIPContext":"{}","translateChannel":"convert-fusion-r05","description":"Importado desde bbot_base_2023_v27(1).f3z","isAutoSave":"false","viewableChannel":"viewing-f3d-lmv","showNotification":"false","LibraryMemberItemInfo":""},"createdAt":"2023-11-20T03:09:34+0000"},{"id":1409261,"version":1,"about":"urn:adsk.wipprod:fs.file:vf.4UNWxWW0T9GQ9I04TZRWAg?version=1","lineage":"urn:adsk.wipprod:dm.lineage:4UNWxWW0T9GQ9I04TZRWAg","from":"urn:adsk.objects:os.object:wip.dm.prod/72a1044b-db1f-4341-9d76-9a4f647ef7af.f3d","relativePath":"d07de802-81cb-404e-8d71-6da8f29b7401.f3d","downloadAs":"d07de802-81cb-404e-8d71-6da8f29b7401.f3d","friendlyName":"lipo_1800mah","displayName":"lipo_1800mah","zipped":false,"rootFile":"","contentType":"f3d","shareInfo":null,"references":[],"metadata":{"rootFileName":"lipo_1800mah.f3d","EIPDerivedContextToAssemblyLinks":"{}","thumbnailStatus":"REGISTERED","EIPContext":"{}","translateChannel":"convert-fusion-r05","description":"Importado desde bbot_base_2023_v27(1).f3z","isAutoSave":"false","viewableChannel":"viewing-f3d-lmv","showNotification":"false","LibraryMemberItemInfo":""},"createdAt":"2023-11-20T03:09:47+0000"},{"id":1409262,"version":1,"about":"urn:adsk.wipprod:fs.file:vf.TTi80JJIS4G_byOTJvfjbg?version=1","lineage":"urn:adsk.wipprod:dm.lineage:TTi80JJIS4G_byOTJvfjbg","from":"urn:adsk.objects:os.object:wip.dm.prod/a09ff4ee-3870-402c-b8be-b297fdad92a0.f3d","relativePath":"aa28b520-d746-4edf-8da9-d5c2f23cd018.f3d","downloadAs":"aa28b520-d746-4edf-8da9-d5c2f23cd018.f3d","friendlyName":"handler_lipo","displayName":"handler_lipo","zipped":false,"rootFile":"","contentType":"f3d","shareInfo":null,"references":[],"metadata":{"rootFileName":"handler_lipo.f3d","EIPDerivedContextToAssemblyLinks":"{}","thumbnailStatus":"REGISTERED","EIPContext":"{}","translateChannel":"convert-fusion-r05","description":"Importado desde bbot_base_2023_v27(1).f3z","isAutoSave":"false","viewableChannel":"viewing-f3d-lmv","showNotification":"false","LibraryMemberItemInfo":""},"createdAt":"2023-11-20T03:09:26+0000"},{"id":1409265,"version":1,"about":"urn:adsk.wipprod:fs.file:vf.Y53-hBN-Ql2d1CFV2SkEuw?version=1","lineage":"urn:adsk.wipprod:dm.lineage:Y53-hBN-Ql2d1CFV2SkEuw","from":"urn:adsk.objects:os.object:wip.dm.prod/c896fa69-8a7d-42f4-b004-76a39ef9fda6.f3d","relativePath":"c6ae539e-fb1a-4b92-b901-76e7f559a36d.f3d","downloadAs":"c6ae539e-fb1a-4b92-b901-76e7f559a36d.f3d","friendlyName":"placa_inferior_base","displayName":"placa_inferior_base","zipped":false,"rootFile":"","contentType":"f3d","shareInfo":null,"references":[],"metadata":{"rootFileName":"placa_inferior_base.f3d","EIPDerivedContextToAssemblyLinks":"{}","thumbnailStatus":"REGISTERED","EIPContext":"{}","translateChannel":"convert-fusion-r05","description":"Importado desde bbot_base_2023_v27(1).f3z","isAutoSave":"false","viewableChannel":"viewing-f3d-lmv","showNotification":"false","LibraryMemberItemInfo":""},"createdAt":"2023-11-20T03:09:14+0000"},{"id":1409269,"version":1,"about":"urn:adsk.wipprod:fs.file:vf._WAi5SN3TxWCJ1t94GK3rA?version=1","lineage":"urn:adsk.wipprod:dm.lineage:_WAi5SN3TxWCJ1t94GK3rA","from":"urn:adsk.objects:os.object:wip.dm.prod/bef4daf9-73e9-488c-ac44-2899345dd731.f3d","relativePath":"fb1ff442-ab95-4cac-a42e-155e1b4a6f86.f3d","downloadAs":"fb1ff442-ab95-4cac-a42e-155e1b4a6f86.f3d","friendlyName":"bbotsv3","displayName":"bbotsv3","zipped":false,"rootFile":"","contentType":"f3d","shareInfo":null,"references":[],"metadata":{"rootFileName":"bbotsv3.f3d","EIPDerivedContextToAssemblyLinks":"{}","thumbnailStatus":"REGISTERED","translateChannel":"convert-fusion-r05","description":"Importado desde bbot_base_2023_v27(1).f3z","isAutoSave":"false","viewableChannel":"viewing-f3d-lmv","showNotification":"false","LibraryMemberItemInfo":""},"createdAt":"2023-11-20T03:09:30+0000"},{"id":1409260,"version":5,"about":"urn:adsk.wipprod:fs.file:vf.edlHHOWsRmifNLNB9C9YMA?version=5","lineage":"urn:adsk.wipprod:dm.lineage:edlHHOWsRmifNLNB9C9YMA","from":"urn:adsk.objects:os.object:wip.dm.prod/3f36de3f-4612-456a-afd3-fe236f18540a.f3d","relativePath":"b209d7c8-156e-4d2f-8e26-43d2077329dd.f3d","downloadAs":"b209d7c8-156e-4d2f-8e26-43d2077329dd.f3d","friendlyName":"bbot_base_2023","displayName":"bbot_base_2023","zipped":false,"rootFile":"","contentType":"f3d","shareInfo":null,"references":[{"type":"XREF","ids":[1409261,1409262,1409263,1409264,1409265,1409266,1409267,1409268,1409269,1409270],"relationships":[{"id":1409261,"metadata":{"neutronRole":"bdf11c5d-9c23-478e-9146-4d775215c1fe"}},{"id":1409262,"metadata":{"neutronRole":"43578ba1-550c-4c28-9d1a-e871de0b9df8"}},{"id":1409263,"metadata":{"neutronRole":"ca16cf11-51cd-4901-95ef-568e168fc58f"}},{"id":1409264,"metadata":{"neutronRole":"0975aaf0-7535-417c-8784-7c2ab237c762"}},{"id":1409265,"metadata":{"neutronRole":"601e8923-5348-4b10-8b7c-a1a05b89834e"}},{"id":1409266,"metadata":{"neutronRole":"d524f16b-864e-476f-9933-4ea8a1c30f61"}},{"id":1409267,"metadata":{"neutronRole":"b599ee82-e846-4f3b-8f04-422778de7b77"}},{"id":1409268,"metadata":{"neutronRole":"8960cc44-8e34-4fd8-9619-b02a8c6da3e1"}},{"id":1409269,"metadata":{"neutronRole":"34c76c96-d220-45bb-9bb8-f2ac4735af57"}},{"id":1409270,"metadata":{"neutronRole":"0b024db9-494f-4cc2-8a6f-880fbe1df2ef"}}]}],"metadata":{"pimDMAction":"","rootFileName":"bbot_base_2023.f3d","thumbnailStatus":"REGISTERED","EIPContext":"{}","translateChannel":"convert-fusion-r05","description":"Guardado por el usuario","isAutoSave":"false","viewableChannel":"viewing-f3d-lmv","LibraryMemberItemInfo":"","DesignModelRevisionID":"ff4751cf-7166-4caf-9ee8-e224fcd83411"},"createdAt":"2023-11-21T16:01:51+0000"},{"id":1409267,"version":1,"about":"urn:adsk.wipprod:fs.file:vf.L9ART8GWSQef-SgRVuje1g?version=1","lineage":"urn:adsk.wipprod:dm.lineage:L9ART8GWSQef-SgRVuje1g","from":"urn:adsk.objects:os.object:wip.dm.prod/b65631ae-73a9-478e-b244-c94c9e45c73a.f3d","relativePath":"d87ef80c-7603-47a3-9d5e-7874cd95e13e.f3d","downloadAs":"d87ef80c-7603-47a3-9d5e-7874cd95e13e.f3d","friendlyName":"espaciador_castor_wheel","displayName":"espaciador_castor_wheel","zipped":false,"rootFile":"","contentType":"f3d","shareInfo":null,"references":[],"metadata":{"rootFileName":"espaciador_castor_wheel.f3d","EIPDerivedContextToAssemblyLinks":"{}","thumbnailStatus":"REGISTERED","EIPContext":"{}","translateChannel":"convert-fusion-r05","description":"Importado desde bbot_base_2023_v27(1).f3z","isAutoSave":"false","viewableChannel":"viewing-f3d-lmv","showNotification":"false","LibraryMemberItemInfo":""},"createdAt":"2023-11-20T03:09:22+0000"}]}]}}